emp_no,first_name,last_name,title,dept_no
208784,Pranjal,Juneja,Senior Engineer,d004
253838,Stafford,Terlouw,Assistant Engineer,d004
66382,Domenico,Candan,Engineer,d004
450934,Chanjung,Raoux,Engineer,d004
66643,Jianhao,Tomescu,Engineer,d004
27699,Falguni,Pezzoli,Engineer,d004
252392,Sanjeeva,Peron,Engineer,d004
490720,Younwoo,Samarati,Senior Engineer,d004
262636,Tamiya,Reutenauer,Senior Engineer,d004
409798,Dekang,Tsunoo,Technique Leader,d004
67934,Aiman,Gargeya,Engineer,d004
68416,Munenori,Debuse,Senior Engineer,d004
68608,Yucai,Seghrouchni,Engineer,d004
68633,Chinhyun,Rassart,Senior Engineer,d004
499260,Danae,Honglei,Engineer,d004
251814,Mitsuyuki,Zockler,Technique Leader,d004
262928,Piyush,Gill,Engineer,d004
465874,Herb,Picht,Assistant Engineer,d004
448918,Chiradeep,Arlazarov,Engineer,d004
497007,Oldrich,Adachi,Engineer,d004
69936,Lalit,Unni,Assistant Engineer,d004
28988,Tua,Giveon,Technique Leader,d004
251233,Yucel,Bernini,Engineer,d004
70990,Arumugam,Nitta,Senior Engineer,d004
448769,Mong,Dichev,Technique Leader,d004
42911,Brigham,Eterovic,Engineer,d004
447982,Shiv,Baezner,Engineer,d004
71243,Kinh,Buchter,Engineer,d004
497835,Shuho,Laurillard,Technique Leader,d004
447966,Kamakshi,Hebert,Engineer,d004
71685,Kristinn,Olano,Senior Engineer,d004
46811,Junsik,Berendt,Senior Engineer,d004
29380,Satoru,Vidal,Assistant Engineer,d004
29418,Valery,Mersereau,Assistant Engineer,d004
72194,Feiyu,Siepmann,Senior Engineer,d004
13499,Kazuhiko,Sidou,Technique Leader,d004
447018,Dannz,Miara,Engineer,d004
446897,Takahiro,Dalton,Technique Leader,d004
16528,Gaurav,Swick,Assistant Engineer,d004
73233,Shigeo,Merey,Senior Engineer,d004
73516,Qingxiang,Badache,Engineer,d004
73743,Anneke,Bernardeschi,Engineer,d004
446306,Hercules,Kabayashi,Senior Engineer,d004
74200,Holgard,Weiland,Senior Engineer,d004
29782,Jouko,Hellwagner,Senior Engineer,d004
445941,Masako,Dechter,Technique Leader,d004
74800,Yuuichi,Conde,Assistant Engineer,d004
486956,Matt,Ruemmler,Engineer,d004
29954,Pranay,Giarratana,Senior Engineer,d004
76189,Kolar,Hinsberger,Engineer,d004
30007,Kousuke,Vecchio,Engineer,d004
445723,Gaurav,Roison,Senior Staff,d004
217551,Panayotis,Lukaszewicz,Engineer,d004
445226,Oscar,Baumann,Engineer,d004
77647,Niranjan,Schaaf,Technique Leader,d004
52038,Chikako,Armand,Senior Engineer,d004
264030,Zdislav,Solares,Assistant Engineer,d004
444465,Prasadram,Bultermann,Senior Engineer,d004
249969,Georgi,Luiz,Engineer,d004
20313,Candida,Benveniste,Engineer,d004
17206,Berry,DeMori,Engineer,d004
79043,Katsuo,Hockney,Technique Leader,d004
79171,Guiseppe,Ellozy,Senior Engineer,d004
491596,Charmane,Pargas,Engineer,d004
17369,Yaghout,Kenevan,Engineer,d004
264939,Bogdan,Bahi,Engineer,d004
210449,Gino,Lagarias,Engineer,d004
249780,Nechama,Gaughan,Assistant Engineer,d004
442898,Aksel,Gire,Engineer,d004
442490,Navid,Luke,Engineer,d004
442312,Zengping,Cusworth,Engineer,d004
80850,Koldo,Luit,Engineer,d004
485817,Mahmut,Bolotov,Engineer,d004
498955,Nechama,Kandlur,Engineer,d004
14127,Magdalena,Cannard,Engineer,d004
484498,Herbert,Hammerschmidt,Engineer,d004
442096,Martijn,DiGiano,Senior Engineer,d004
441954,Leszek,Marchegay,Engineer,d004
249433,Ayonca,Matzov,Engineer,d004
82069,Yechezkel,Perfilyeva,Engineer,d004
82098,Poornachandra,Wilharm,Engineer,d004
469269,Weiyi,Codenie,Engineer,d004
31188,Leandro,Gist,Technique Leader,d004
31207,Abdelwaheb,Dulin,Senior Engineer,d004
441536,Chinho,Collette,Senior Engineer,d004
265521,Kensei,Salverda,Engineer,d004
83280,Francesca,Ellozy,Senior Engineer,d004
248953,Percy,Sudbeck,Assistant Engineer,d004
265875,Fan,Marsiglia,Engineer,d004
247456,Masako,Bahk,Engineer,d004
83714,Ohad,Kilgore,Engineer,d004
471939,Kazuhiko,Marshall,Staff,d004
31909,Murthy,Peek,Engineer,d004
247447,Tzu,Bakhtari,Engineer,d004
402664,Subhada,Janetzko,Senior Engineer,d004
84179,Shuichi,Nanard,Senior Engineer,d004
211858,Domenico,Ratnaker,Engineer,d004
10933,Juyoung,Seghrouchni,Senior Engineer,d004
267227,Susuma,Tagansky,Engineer,d004
17970,Filipp,Carrere,Technique Leader,d004
268191,LiMin,Teitelbaum,Engineer,d004
474796,Zongyan,Shackel,Technique Leader,d004
22185,Huai,Birch,Assistant Engineer,d004
245164,Filipp,Winter,Engineer,d004
85288,Younwoo,Luders,Engineer,d004
401574,Yannik,Falco,Technique Leader,d004
50831,Marie,Khalid,Senior Engineer,d004
244714,Poorav,Clouatre,Senior Engineer,d004
218831,Unal,DuBourdieux,Engineer,d004
244711,Rosli,Butner,Assistant Engineer,d004
271106,Taisook,Kampfer,Engineer,d004
271219,Odoardo,Tyugu,Engineer,d004
243077,Kazunori,Perz,Senior Engineer,d004
272316,Surveyors,Muhling,Engineer,d004
86546,Oldrich,Woycyznski,Engineer,d004
86655,Zhenhua,Lorys,Engineer,d004
242081,Tomokazu,Pargas,Assistant Engineer,d004
432399,Nitsan,Nollmann,Engineer,d004
409391,Willard,Verspoor,Engineer,d004
87714,Khun,Janetzko,Assistant Engineer,d004
432257,Kwangjo,Hiltgen,Engineer,d004
17988,Mabhin,Calkin,Engineer,d004
223595,Chiranjit,Dredge,Technique Leader,d004
483838,Sham,Kavanagh,Assistant Engineer,d004
88422,Jungsoon,Birsak,Technique Leader,d004
33215,Steen,Fasbender,Technique Leader,d004
242019,Herb,Murrill,Senior Engineer,d004
12155,Keiichiro,Glinert,Engineer,d004
483825,Marek,Mitchem,Senior Engineer,d004
222952,Gopalakrishnan,Suermann,Engineer,d004
272860,Minghong,Candan,Assistant Engineer,d004
469399,Hongzhu,Ruemmler,Engineer,d004
483675,Hausi,Kamber,Engineer,d004
241728,Limsoon,Boudaillier,Senior Engineer,d004
241667,Atilio,Olivero,Engineer,d004
89680,Aiman,Mawatari,Engineer,d004
89806,Xiadong,Shinomoto,Engineer,d004
89922,Alexius,Ibel,Engineer,d004
50293,Xinan,Rindone,Engineer,d004
41114,Petter,Thummel,Technique Leader,d004
90084,Renny,Bale,Engineer,d004
90211,Bader,Denis,Engineer,d004
90292,Koichi,Assaf,Engineer,d004
213447,Armond,Perly,Engineer,d004
90614,Yonghoan,Trogemann,Assistant Engineer,d004
467392,Mariusz,Rikino,Engineer,d004
240870,Francesca,Chorvat,Senior Staff,d004
275881,Jiann,Munro,Senior Engineer,d004
91229,Yahiko,Hebden,Engineer,d004
240340,Mack,Staylopatis,Engineer,d004
430891,Khalil,Gien,Senior Engineer,d004
275994,Uma,Prampolini,Engineer,d004
240236,TRUE,Tischendorf,Engineer,d004
92438,Aria,Kilgore,Engineer,d004
408019,Shridhar,Chleq,Assistant Engineer,d004
276445,Atilio,Randi,Engineer,d004
92577,Zhanqiu,Farrow,Assistant Engineer,d004
92598,Ranga,Merro,Assistant Engineer,d004
407837,Fei,Erez,Engineer,d004
239706,Arunas,Bugrara,Assistant Engineer,d004
239664,Sugwoo,Michaels,Engineer,d004
34452,Naftaly,Foong,Engineer,d004
49177,Tze,Bach,Engineer,d004
214427,Peer,Molberg,Engineer,d004
93278,Magdalena,Penn,Engineer,d004
239415,Susumu,Brender,Engineer,d004
277420,Rayond,Schach,Engineer,d004
93600,Kristina,Neimat,Technique Leader,d004
94331,Ramzi,Cronau,Technique Leader,d004
279280,Niranjan,Debuse,Engineer,d004
21181,Jianhui,Cangellaris,Assistant Engineer,d004
34533,Erzsebet,Shigei,Senior Engineer,d004
482885,Shaunak,Brizzi,Assistant Engineer,d004
427852,Adil,Kieras,Senior Engineer,d004
238112,Miomir,Frezza,Technique Leader,d004
280648,Heeju,Lorys,Engineer,d004
281859,Masanao,Papastamatiou,Engineer,d004
34788,Ennio,Babu,Senior Engineer,d004
95509,Kristinn,Loncour,Engineer,d004
49119,Lena,Peek,Engineer,d004
96571,Kokou,Garrabrants,Senior Engineer,d004
96579,Mohan,Tasistro,Engineer,d004
96767,Arumugam,Vecchio,Engineer,d004
97018,Jeanna,Chinen,Engineer,d004
473940,Avishai,Majewski,Engineer,d004
286573,Nahum,Nishimukai,Engineer,d004
426958,Weijing,Viele,Engineer,d004
98306,Ziya,Kadhim,Senior Engineer,d004
34936,Bokyung,Stamatiou,Technique Leader,d004
426819,Sandeepan,Kulisch,Engineer,d004
426706,Karsten,Kawashima,Engineer,d004
426644,Zejun,Broomell,Engineer,d004
35044,Jiang,Waschkowski,Engineer,d004
214789,Arfst,Chepyzhov,Engineer,d004
235793,Jayesh,Spinelli,Senior Engineer,d004
100865,Hisao,Peral,Engineer,d004
481764,Teiji,Marrakchi,Senior Engineer,d004
425757,Yongdong,Jiang,Senior Staff,d004
235780,Sampalli,Bergere,Senior Engineer,d004
286779,Sigeru,Versino,Engineer,d004
102620,Adin,Templeman,Engineer,d004
494088,Phule,Dahlbom,Engineer,d004
214995,Dinkar,Hoppenstand,Engineer,d004
235368,Anneli,Joslin,Senior Engineer,d004
496970,Giordano,Maquelin,Senior Engineer,d004
467441,Margareta,Bondorf,Engineer,d004
481397,Luisa,Chelton,Assistant Engineer,d004
287334,Elliott,Speer,Engineer,d004
287583,Jovan,Hockney,Engineer,d004
35642,Ashish,Talmon,Engineer,d004
422783,Jagoda,Uhrig,Engineer,d004
43848,Phillip,Oxenboll,Engineer,d004
421755,Shichao,Thiria,Assistant Engineer,d004
222878,Annemarie,Zallocco,Engineer,d004
20885,Otmar,Rothenberg,Engineer,d004
44959,Volkmar,Uhrik,Engineer,d004
106096,Naftali,Schurmann,Engineer,d004
406125,Georgi,Portugali,Technique Leader,d004
234739,Foong,Aamodt,Senior Engineer,d004
233759,Zissis,Lodder,Engineer,d004
48882,Leen,Lamparter,Engineer,d004
288563,Cristinel,Gerlach,Engineer,d004
479407,Randi,Tomescu,Assistant Engineer,d004
232697,Barry,Ramsak,Engineer,d004
231459,Nectarios,Pramanik,Assistant Engineer,d004
290563,Shigehiro,Oxenboll,Senior Engineer,d004
292828,Ziya,Tokunaga,Engineer,d004
108316,Shai,Stellhorn,Senior Engineer,d004
418606,Michaela,Otillio,Engineer,d004
479024,Ewing,Kalorkoti,Engineer,d004
478833,Pradeep,Valiente,Engineer,d004
418566,Kazuhide,Snedden,Senior Engineer,d004
109252,Moty,Winter,Technique Leader,d004
230498,Kolar,Puppo,Engineer,d004
230287,Renny,Alameldin,Assistant Engineer,d004
229981,Jamaludin,Fordan,Engineer,d004
418380,Kazuhiko,Gornas,Senior Engineer,d004
109703,Arco,Walston,Engineer,d004
109741,Hatem,Fadgyas,Senior Engineer,d004
418309,Danel,Petereit,Engineer,d004
418298,Arvin,Pusterhofer,Engineer,d004
200312,Akemi,Fujisaki,Senior Engineer,d004
229391,Paloma,Henseler,Engineer,d004
229386,Pohua,Tasistro,Technique Leader,d004
229220,Fabrizio,Lichtman,Engineer,d004
492677,Goetz,McAffer,Engineer,d004
41518,Keung,Schapiro,Senior Engineer,d004
472950,Weidon,Fordan,Senior Engineer,d004
228766,Nahla,Smailagic,Engineer,d004
19236,Elzbieta,Morris,Engineer,d004
38103,Masasuke,Babu,Engineer,d004
201915,Sudharsan,DeMori,Engineer,d004
202291,Ortrun,Schmiedel,Engineer,d004
202403,Gully,Perko,Engineer,d004
418239,Josyula,Motley,Senior Engineer,d004
202552,Morris,Saoudi,Engineer,d004
478768,Arun,Katzenelson,Engineer,d004
478007,Fumino,Narahara,Engineer,d004
20129,Rafael,Skafidas,Engineer,d004
416892,Shooichi,Vandervoorde,Engineer,d004
38593,Huei,Orsini,Engineer,d004
295255,Jacopo,Bellone,Technique Leader,d004
295262,Moon,Pews,Assistant Engineer,d004
216573,Ashish,Vidya,Engineer,d004
416720,Tokuyasu,Xiaoshan,Engineer,d004
228098,IEEE,Kroll,Engineer,d004
468417,Kamakshi,Huhdanpaa,Engineer,d004
415338,Shigeo,Emmart,Assistant Engineer,d004
405063,Yechezkel,Yurov,Senior Engineer,d004
415187,Juyoung,Peltason,Assistant Engineer,d004
414543,Bernd,Anick,Senior Engineer,d004
476327,Reinhold,Binkley,Engineer,d004
493744,Leni,Kropatsch,Senior Engineer,d004
414027,Tadanori,Msuda,Engineer,d004
476122,Khun,Spieker,Engineer,d004
226227,Herbert,Erva,Engineer,d004
39341,Mahmut,Lampe,Engineer,d004
205627,Stabislas,Broder,Engineer,d004
296664,Dipayan,Geffroy,Senior Engineer,d004
472238,Jungsoon,Gubsky,Senior Engineer,d004
401278,Oguz,Schurmann,Assistant Engineer,d004
225964,Mooi,Cooman,Engineer,d004
296718,Kamakshi,Bahl,Senior Engineer,d004
412404,Mitsuyuki,Jeansoulin,Senior Engineer,d004
10663,Teunis,Noriega,Technique Leader,d004
220625,Shigenori,Deville,Technique Leader,d004
207021,Jacqueline,Akaboshi,Engineer,d004
469104,Nadjib,Comellas,Engineer,d004
475258,Fumiyo,Feinberg,Senior Staff,d004
411082,Martine,Cangellaris,Engineer,d004
297954,Sailaja,Fujisaki,Assistant Engineer,d004
410881,Koichi,Grabner,Senior Engineer,d004
55640,Adit,Syrotiuk,Engineer,d004
23396,Hilari,Fairtlough,Technique Leader,d004
55799,Jianwen,Litzler,Engineer,d004
401333,Martins,Shokrollahi,Engineer,d004
14476,Sastry,Marrevee,Engineer,d004
56209,Remzi,Douceur,Engineer,d004
458790,Ramya,Azadmanesh,Engineer,d004
458111,Florian,Tramer,Engineer,d004
54795,Sumant,Nergos,Senior Staff,d004
56829,Nagui,Gruenwald,Engineer,d004
22926,Manibrata,Genther,Engineer,d004
56847,Menkae,Chinin,Senior Engineer,d004
457813,Foong,Gargeya,Engineer,d004
490557,Luise,Vigier,Engineer,d004
53924,Arnould,Gaughan,Engineer,d004
53499,Zdislav,Mandelberg,Engineer,d004
463212,Ramya,Rossi,Senior Engineer,d004
58454,Ziya,Zambonelli,Engineer,d004
52970,Lobel,Werthner,Engineer,d004
457776,Florian,Siepmann,Engineer,d004
457489,Berna,Ranst,Engineer,d004
40301,Spyrose,Felder,Senior Engineer,d004
24571,Cordelia,Gischer,Engineer,d004
463472,Jaber,Sethi,Technique Leader,d004
52956,Khalil,Picci,Engineer,d004
59966,Steen,Salvesen,Technique Leader,d004
259273,Xiahua,Gomatam,Senior Engineer,d004
410804,Ronnie,Denos,Engineer,d004
465062,Stafford,Gist,Engineer,d004
455814,Giao,DuCasse,Engineer,d004
60559,Jeanna,Stemann,Engineer,d004
410433,Kazuhisa,Riesenhuber,Senior Engineer,d004
60845,Bedir,Siegrist,Engineer,d004
260361,Reinhold,Rahier,Engineer,d004
261184,Masako,Kornatzky,Senior Engineer,d004
454994,Mohan,Picht,Engineer,d004
465076,Tokuyasu,Ghelli,Engineer,d004
52599,Augustine,Mungall,Engineer,d004
454825,Kamakshi,Schusler,Engineer,d004
61377,Dannz,Ohori,Senior Staff,d004
454791,Xiaoqiu,Pietracaprina,Senior Engineer,d004
15050,Nikolaos,Kruskal,Engineer,d004
454378,Gina,Ossenbruggen,Technique Leader,d004
62033,Heeju,Cappelli,Engineer,d004
62046,Karlis,Nanard,Engineer,d004
256216,Halsur,Brodal,Engineer,d004
63294,Tetsushi,Tanemo,Engineer,d004
63419,Hiroyasu,Seuren,Senior Engineer,d004
221435,Djenana,Marrevee,Engineer,d004
255779,Heejo,Merle,Technique Leader,d004
63631,Falguni,Cherinka,Senior Engineer,d004
453723,Arne,Kohling,Engineer,d004
255466,Huan,Roccetti,Senior Engineer,d004
254399,Armond,Lores,Technique Leader,d004
261737,Mark,Lindqvist,Engineer,d004
475087,Genevieve,Snedden,Senior Engineer,d004
64532,Atilio,Segond,Engineer,d004
253893,Huiqun,Trystram,Senior Engineer,d004
27620,Shuji,Kandlur,Engineer,d004
452956,Gou,Thombley,Senior Engineer,d004
64984,Eldridge,Eldridge,Engineer,d004
452137,Subir,Miake,Engineer,d004
65171,Jeane,Tasistro,Technique Leader,d004
488619,Georgy,Bennis,Engineer,d004
291352,Danai,Trelles,Technique Leader,d005
10122,Ohad,Esposito,Technique Leader,d005
10663,Teunis,Noriega,Technique Leader,d005
12408,Rasiah,Sudkamp,Senior Engineer,d005
14075,Denny,Tchuente,Assistant Engineer,d005
15413,Arvin,Rabejac,Engineer,d005
17369,Yaghout,Kenevan,Engineer,d005
17731,Gennady,Roison,Assistant Engineer,d005
18021,Adil,Matzke,Engineer,d005
18424,Filipp,Rousseau,Engineer,d005
18810,Taiji,Jarecki,Engineer,d005
19803,Ziva,Kowalchuk,Engineer,d005
21188,Piyush,Danecki,Engineer,d005
21843,Karsten,Azadmanesh,Senior Engineer,d005
22185,Huai,Birch,Assistant Engineer,d005
22451,Jasminko,Bresenham,Senior Staff,d005
24080,Jaana,Perez,Technique Leader,d005
24205,Roddy,Rubsam,Senior Engineer,d005
26671,Jiakeng,Kalorkoti,Engineer,d005
26788,Zongyan,Dalphin,Engineer,d005
28193,Xinglin,Mitsuhashi,Engineer,d005
28974,Chenxi,Sundgren,Senior Engineer,d005
29679,Kolar,Steenbeek,Senior Engineer,d005
30154,Mayuko,Skafidas,Technique Leader,d005
30182,Leon,Potthoff,Engineer,d005
30465,Randi,Avouris,Engineer,d005
30695,Gudjon,Majewski,Senior Engineer,d005
31514,Harngdar,Schapire,Engineer,d005
31909,Murthy,Peek,Engineer,d005
32552,Atreye,Stanger,Assistant Engineer,d005
32844,Tadahiko,Melton,Engineer,d005
33722,Anwar,Collette,Senior Engineer,d005
34446,Chinhyun,Bauknecht,Senior Engineer,d005
35441,Chandrasekaran,Peek,Engineer,d005
35798,Ulf,Oberman,Senior Engineer,d005
37945,Suzette,Butterworth,Senior Engineer,d005
38043,Michaela,Randi,Engineer,d005
40283,Sudhanshu,Boissier,Engineer,d005
40536,Harngdar,Bernardinello,Engineer,d005
40983,Marla,Cherinka,Technique Leader,d005
41357,Willard,Vernadat,Engineer,d005
41520,Xiong,Uhrik,Senior Engineer,d005
44054,Alenka,Ritcey,Engineer,d005
44265,Maria,Eppinger,Engineer,d005
44540,Mingzeng,Sadowski,Senior Engineer,d005
44962,Sariel,Wynblatt,Assistant Engineer,d005
45162,Dulce,Speel,Engineer,d005
46943,Pasqua,Maraist,Engineer,d005
47139,Marco,Usdin,Engineer,d005
47262,Gonzalo,Binkley,Engineer,d005
47515,Naraig,Jenevein,Senior Engineer,d005
49017,Filipp,Flanders,Engineer,d005
50831,Marie,Khalid,Senior Engineer,d005
51060,Youngkon,Rohrbach,Engineer,d005
51142,Rosine,Lakshmanan,Engineer,d005
52040,Phule,Heijenga,Senior Staff,d005
52590,Jouni,Munoz,Senior Staff,d005
53597,Jiafu,Marchegay,Engineer,d005
54198,Shaowen,Segond,Engineer,d005
55687,Shih,Lindqvist,Senior Engineer,d005
56105,Makato,Remmers,Engineer,d005
56682,Roded,Picco,Assistant Engineer,d005
57934,Sanjoy,Boudaillier,Engineer,d005
58384,Mariusz,Vural,Engineer,d005
58990,Palash,Trelles,Engineer,d005
59195,Ronnie,Pollock,Technique Leader,d005
60000,Heekeun,Emmart,Assistant Engineer,d005
61253,Cheong,Uhrik,Engineer,d005
61541,Kasidit,Papsdorf,Engineer,d005
62245,Adel,Bressoud,Engineer,d005
63706,Sedat,Itzigehl,Engineer,d005
64023,Laurentiu,Benzmuller,Senior Engineer,d005
64790,Shin,Piveteau,Engineer,d005
65539,Aksel,Picaronny,Engineer,d005
66702,Deniz,Thibadeau,Engineer,d005
66807,Aiman,Rosaz,Engineer,d005
68648,Jaques,DiGiano,Technique Leader,d005
69878,Chinya,Cooke,Engineer,d005
69936,Lalit,Unni,Assistant Engineer,d005
71334,Cathie,Peck,Engineer,d005
71710,Hitomi,Takanami,Assistant Engineer,d005
71745,Adil,Laventhal,Assistant Engineer,d005
72190,Sajjad,Waeselynck,Engineer,d005
73076,Froduald,Feldhoffer,Senior Engineer,d005
74344,Hiroyasu,Provine,Engineer,d005
75354,Shuky,Jakobus,Engineer,d005
75703,Kyoichi,Erman,Engineer,d005
76201,Arif,Preusig,Senior Engineer,d005
77030,Faiza,Garnham,Technique Leader,d005
77815,Ronghao,Picaronny,Assistant Engineer,d005
78871,Conor,Ghandeharizadeh,Senior Engineer,d005
79606,Arnd,Peir,Senior Engineer,d005
80889,Shigeo,Linnainmaa,Senior Engineer,d005
80948,Harjit,Bardell,Engineer,d005
81105,Jaewon,Boissier,Engineer,d005
81545,Larisa,Kornyak,Technique Leader,d005
81995,Sreekrishna,Brender,Engineer,d005
82511,Uwe,Koblick,Engineer,d005
82919,Shigeu,Claffy,Engineer,d005
82928,Alselm,Rikino,Engineer,d005
83289,Shigeichiro,Engelmann,Engineer,d005
83509,Breannda,Collavizza,Engineer,d005
83805,Manohar,Harllee,Senior Engineer,d005
84315,Kristina,Baumann,Assistant Engineer,d005
84451,Shiv,Aumann,Senior Engineer,d005
84508,Tommaso,Vidya,Engineer,d005
84922,Parke,Unno,Engineer,d005
86354,Ronghao,Segond,Senior Engineer,d005
87353,Quingbo,Coombs,Senior Engineer,d005
87783,Conor,Thorensen,Senior Engineer,d005
88411,Lena,Cannane,Engineer,d005
88647,Vasiliy,Ratnaker,Engineer,d005
88965,Mang,Hedayat,Engineer,d005
89048,Otmar,Birjandi,Engineer,d005
89346,Mansur,Comyn,Engineer,d005
90077,Vivian,Guerreiro,Assistant Engineer,d005
91182,Lucien,Schwartzburd,Engineer,d005
92920,Huei,Hutter,Engineer,d005
93040,Jaques,Kabayashi,Senior Engineer,d005
94761,Hitofumi,Zaccaria,Engineer,d005
94944,Heping,Matheson,Engineer,d005
95286,Kristin,Guerreiro,Engineer,d005
95406,Alair,Lyonns,Engineer,d005
95416,Gianluca,Ramaiah,Engineer,d005
98306,Ziya,Kadhim,Senior Engineer,d005
99377,Carrsten,Francisci,Senior Engineer,d005
100916,Heejo,Aamodt,Engineer,d005
103316,Susanne,Peternell,Engineer,d005
103756,Heping,Halloran,Assistant Engineer,d005
104988,Parviz,Litzler,Engineer,d005
105356,Diederik,Matzov,Engineer,d005
105432,Mohamadou,Stafford,Engineer,d005
105731,Sachem,Cromarty,Assistant Engineer,d005
106695,Lijie,Garrabrants,Senior Staff,d005
107486,Siamak,Luiz,Senior Engineer,d005
107737,Fabrizio,Chleq,Senior Engineer,d005
109062,Jamaludin,Kandlur,Senior Engineer,d005
109211,Gor,Delgrande,Engineer,d005
109552,Menkae,Etalle,Assistant Engineer,d005
200363,Kirk,Quaggetto,Engineer,d005
201739,Genta,Terekhov,Assistant Engineer,d005
201801,Waiman,Genin,Engineer,d005
202826,Kerhong,Matzke,Engineer,d005
202882,Isaac,Koshino,Senior Engineer,d005
203495,Zongyan,Gips,Technique Leader,d005
203599,Ewing,DiGiano,Technique Leader,d005
204425,Gretta,Huttel,Senior Engineer,d005
204471,Franziska,Maginnis,Engineer,d005
204764,Susanne,Mandelberg,Engineer,d005
205085,Moni,Kornyak,Technique Leader,d005
205500,Mary,Setiz,Senior Engineer,d005
206966,Tzu,Sichman,Engineer,d005
207204,Kellie,Schrooten,Assistant Engineer,d005
207551,Baziley,Falck,Assistant Engineer,d005
208147,Manu,Rothenberg,Engineer,d005
208653,Phillip,Schade,Engineer,d005
209712,Nimmagadda,Baak,Assistant Engineer,d005
211879,Gao,Ranze,Engineer,d005
211967,Anwar,Bain,Engineer,d005
213016,Yongmao,Fontan,Engineer,d005
213384,Pranas,Narwekar,Engineer,d005
214539,Ingmar,Kohling,Engineer,d005
214634,Shirish,Vickson,Engineer,d005
214866,Gopalakrishnan,Angel,Engineer,d005
216342,Aiichiro,Cromarty,Engineer,d005
216375,Byong,Gustavson,Senior Engineer,d005
216502,Xiaocheng,Suermann,Engineer,d005
217080,Masami,Puoti,Senior Engineer,d005
217286,Yannik,Spelt,Technique Leader,d005
217387,Jianhao,Molenaar,Engineer,d005
218022,Mokhtar,Poupard,Technique Leader,d005
219047,Aemilian,Kusalik,Engineer,d005
219497,Moie,Zastre,Technique Leader,d005
220029,Demos,Asser,Senior Engineer,d005
220131,Reinhard,Slaats,Engineer,d005
220799,Perla,Orlowska,Senior Engineer,d005
221126,Tesuya,dAstous,Engineer,d005
222311,Miyeon,Billingsley,Senior Engineer,d005
222319,Matt,Chvatal,Senior Engineer,d005
222354,Valdiodio,Schlumberger,Assistant Engineer,d005
222770,Kazuhiko,Kushner,Senior Engineer,d005
222878,Annemarie,Zallocco,Engineer,d005
222926,Limsoon,Erol,Senior Engineer,d005
224135,Annemarie,Bressoud,Engineer,d005
224335,Perry,Chachaty,Engineer,d005
225601,Masasuke,Genin,Assistant Engineer,d005
225788,Ipke,Kieras,Engineer,d005
227354,Gio,Murtha,Engineer,d005
227476,Macha,Schnabel,Engineer,d005
228766,Nahla,Smailagic,Engineer,d005
229727,Ewing,Millington,Engineer,d005
230002,Tadahiro,Backhouse,Engineer,d005
231798,Goetz,Alvarado,Engineer,d005
233114,Alselm,Gargeya,Senior Engineer,d005
233394,Khalid,Lenart,Engineer,d005
233426,Etsuo,Usery,Engineer,d005
233690,Cedric,Riefers,Engineer,d005
233765,Kotesh,Chachaty,Engineer,d005
233818,Kellie,Heydon,Engineer,d005
235325,Gro,Prochazka,Engineer,d005
236315,IEEE,Raczkowsky,Technique Leader,d005
236827,Almudena,Rijckaert,Engineer,d005
239426,Vesna,Fairtlough,Engineer,d005
241100,Cedric,Molenaar,Engineer,d005
241254,Jagoda,Anguita,Senior Engineer,d005
241567,Emran,Miara,Engineer,d005
241872,Bluma,Fetvedt,Senior Staff,d005
242019,Herb,Murrill,Senior Engineer,d005
242800,Kazuyasu,Levergood,Engineer,d005
244820,Shigenori,Hertweck,Engineer,d005
246364,Alper,Tiemann,Engineer,d005
247612,Chiranjit,Constantine,Engineer,d005
249239,Hideyuki,Decleir,Senior Engineer,d005
249504,Dmitry,Velardi,Engineer,d005
249799,Jolita,Neimat,Engineer,d005
250452,Alexius,Plavsic,Senior Engineer,d005
250748,Kish,Turnbull,Engineer,d005
251403,Utpal,DuBourdieux,Technique Leader,d005
251437,Shichao,Iwayama,Assistant Engineer,d005
251680,Moty,Sommen,Senior Engineer,d005
252316,Gill,Niizuma,Engineer,d005
255657,Oldrich,Cyre,Engineer,d005
256881,Ioana,Jakobus,Engineer,d005
257062,Stabislas,Pardalos,Engineer,d005
258028,Mountaz,Reinhart,Engineer,d005
258643,Przemyslawa,Esposito,Engineer,d005
259718,Stepehn,Bouloucos,Senior Staff,d005
260153,Mingdong,Baar,Technique Leader,d005
260361,Reinhold,Rahier,Engineer,d005
260501,Dzung,Pargas,Technique Leader,d005
261631,Jianhua,Huttel,Engineer,d005
261986,Gila,Ramsak,Senior Engineer,d005
262210,Chinho,Bottner,Assistant Engineer,d005
262636,Tamiya,Reutenauer,Senior Engineer,d005
262752,Pramod,Bierman,Engineer,d005
263186,Danny,Lowrie,Technique Leader,d005
263439,Atreye,Kabayashi,Senior Engineer,d005
263645,Mingsen,Lally,Senior Engineer,d005
264167,Baoqiu,Tomescu,Senior Engineer,d005
264939,Bogdan,Bahi,Engineer,d005
268043,Narain,Mikschl,Engineer,d005
272141,Tsutomu,Neiman,Senior Staff,d005
272452,Mitsuyuki,Isard,Engineer,d005
273159,Divine,Hofmeyr,Technique Leader,d005
273286,Brigham,Asmuth,Engineer,d005
273396,Wayne,Baba,Engineer,d005
275158,Satyanarayana,Brandsma,Engineer,d005
275263,Vojin,Laventhal,Engineer,d005
275444,Limsoon,Leppanen,Engineer,d005
276472,Hideyuki,Flanders,Engineer,d005
277777,Herbert,Itzigehl,Senior Engineer,d005
277829,Michaela,Fandrianto,Senior Engineer,d005
278953,Jeanna,Ghandeharizadeh,Senior Engineer,d005
279115,Maren,DuCasse,Engineer,d005
279791,Chiranjit,Lyonns,Assistant Engineer,d005
281570,Zijian,Covnot,Assistant Engineer,d005
281848,Parke,Staylopatis,Engineer,d005
282191,Alper,Shinomoto,Engineer,d005
282547,Nahum,Codenie,Engineer,d005
282894,Fay,Bellmore,Engineer,d005
284687,Oksana,Redmiles,Engineer,d005
284691,Theron,Ressouche,Engineer,d005
284711,Martijn,Azevdeo,Senior Engineer,d005
284717,Gal,Ranta,Engineer,d005
285396,Lena,Kohling,Engineer,d005
285906,Arnould,Buescher,Engineer,d005
286452,Behnaam,Bierbaum,Engineer,d005
286573,Nahum,Nishimukai,Engineer,d005
286986,Woody,Trelles,Senior Engineer,d005
287609,Sailaja,Negoita,Assistant Engineer,d005
287808,Vidar,Ozeki,Technique Leader,d005
287984,Troy,Kobuchi,Engineer,d005
288028,Kauko,Narwekar,Engineer,d005
288665,Horward,Khasidashvili,Senior Engineer,d005
288893,Bedrich,Rosenbaum,Engineer,d005
289454,Bowen,Narwekar,Senior Engineer,d005
290284,Kwangjo,Menhardt,Engineer,d005
290769,Lalit,Blokdijk,Senior Engineer,d005
291612,Siamak,Gomatam,Engineer,d005
291669,Faiza,Bach,Engineer,d005
292110,Menkae,Showalter,Engineer,d005
292146,Khatoun,Pulkowski,Engineer,d005
292210,Masaru,Huhdanpaa,Engineer,d005
292515,Bernd,Thummel,Assistant Engineer,d005
293280,Moti,Steenbeek,Engineer,d005
293329,Fumiya,Griswold,Engineer,d005
293746,Sanjay,Litecky,Engineer,d005
294461,Siddarth,Rosiles,Senior Engineer,d005
294652,Hironobu,Brodie,Engineer,d005
294791,Vesna,Lammel,Assistant Engineer,d005
294857,Caolyn,Ozeri,Engineer,d005
295236,Kauko,Fujisawa,Engineer,d005
295278,Val,Barvinok,Assistant Engineer,d005
296303,Mariangiola,Heyers,Technique Leader,d005
297905,Marc,Bahl,Assistant Engineer,d005
298339,King,Benzmuller,Engineer,d005
400046,Hilari,Christ,Senior Staff,d005
400358,Angus,Jullig,Engineer,d005
400780,Poornachandra,Asser,Engineer,d005
400796,Bodo,Halevi,Engineer,d005
402102,Kersti,Granlund,Engineer,d005
402718,Jeanna,Rettelbach,Engineer,d005
403010,Toshimitsu,Sluis,Senior Engineer,d005
403954,Jeanna,Bratten,Engineer,d005
404018,Valery,Babb,Senior Engineer,d005
404236,Zengping,Kakkar,Engineer,d005
404462,Anestis,Setlzner,Engineer,d005
404788,Basem,Beausoleil,Engineer,d005
406239,Marek,Tomescu,Engineer,d005
406564,Parviz,Picco,Engineer,d005
408114,Geoffrey,Ladret,Engineer,d005
408163,Irene,Sethi,Senior Engineer,d005
408953,Jolita,Claffy,Senior Engineer,d005
409898,Divier,Ishibashi,Engineer,d005
410372,Duri,Mitina,Engineer,d005
410616,Gudjon,Kalorkoti,Engineer,d005
411070,Otmar,Brandsma,Engineer,d005
412757,Leen,Peak,Engineer,d005
413729,Harjit,Ernst,Technique Leader,d005
414091,Wuxu,Kuhnemann,Engineer,d005
414551,Elliott,Copas,Engineer,d005
414662,Ipke,Schneeberger,Engineer,d005
414814,Dayanand,Wielonsky,Staff,d005
415563,Mrinalini,Bierbaum,Engineer,d005
416074,Alain,Lieberherr,Engineer,d005
416383,Nectarios,Itschner,Engineer,d005
416492,Kannan,Meriste,Senior Engineer,d005
416660,Nathalie,Luke,Assistant Engineer,d005
418239,Josyula,Motley,Senior Engineer,d005
420086,Susuma,Kitsuregawa,Engineer,d005
421312,Mariangiola,Bashian,Engineer,d005
422146,Kenton,Miara,Engineer,d005
423208,Joydip,Krone,Engineer,d005
423633,Mariusz,Tokunaga,Senior Engineer,d005
423993,Seshu,Kolvik,Technique Leader,d005
424569,Danco,Luff,Engineer,d005
424584,Kagan,Dredge,Engineer,d005
424984,Vasilis,Waleschkowski,Engineer,d005
425437,Moni,Staudhammer,Engineer,d005
425830,Guther,Conia,Engineer,d005
426228,Supot,Badache,Engineer,d005
427320,Mamdouh,Ramamoorthy,Senior Engineer,d005
427571,Torsten,Ranta,Engineer,d005
428917,Theron,Billawala,Assistant Engineer,d005
429249,Alassane,Wolniewicz,Engineer,d005
429481,Subhada,Emmerich,Engineer,d005
429569,Fumiya,Chappelet,Assistant Engineer,d005
430054,Erzsebet,Setiz,Engineer,d005
430631,Kersti,Marsiglia,Engineer,d005
431657,Visit,Thiran,Engineer,d005
431882,Hideo,Varman,Engineer,d005
431887,Poorav,Ranst,Senior Engineer,d005
432261,Arve,Bergere,Engineer,d005
432523,Takahiro,Maquelin,Engineer,d005
432665,Flemming,Driscoll,Engineer,d005
432787,Toshiko,Ibel,Senior Engineer,d005
434936,Sahrah,Rosis,Engineer,d005
436558,Subir,Greibach,Senior Engineer,d005
437870,Kerhong,Lorho,Staff,d005
438557,Lidong,Swist,Engineer,d005
439377,Mari,Plessier,Senior Engineer,d005
440435,Sandeepan,Rosti,Senior Engineer,d005
442653,Mona,Hebden,Engineer,d005
444465,Prasadram,Bultermann,Senior Engineer,d005
444487,Udi,Rullman,Senior Engineer,d005
445570,Van,Nations,Technique Leader,d005
446424,DAIDA,Nooteboom,Engineer,d005
446959,Aram,Passino,Senior Engineer,d005
447613,Paris,Restivo,Engineer,d005
447999,Shiv,Vilarrasa,Engineer,d005
449984,Hinrich,Perin,Engineer,d005
450184,Selwyn,Henseler,Senior Engineer,d005
450255,Udo,Waymire,Technique Leader,d005
451272,Jacopo,Krohm,Engineer,d005
452325,Taiji,Berstel,Engineer,d005
452365,Fei,Gadepally,Assistant Engineer,d005
453790,Fai,Keirsey,Engineer,d005
454736,Nechama,Ermel,Engineer,d005
455914,Peer,Angelopoulos,Engineer,d005
456982,Shounak,Dratva,Engineer,d005
457411,Xudong,Peck,Senior Engineer,d005
457611,Indrajit,Krogh,Engineer,d005
457832,Jackson,Zielinski,Senior Engineer,d005
458383,Mabhin,Foote,Engineer,d005
459172,Val,Rissanen,Assistant Engineer,d005
459356,Pramod,Wendorf,Engineer,d005
460707,Yoshinari,Lanteri,Engineer,d005
461120,Shietung,Gelosh,Engineer,d005
465711,Lakshmi,Frijda,Engineer,d005
466509,Bezalel,Verhoeff,Engineer,d005
467269,Nahum,Lambe,Technique Leader,d005
468360,Huei,Saoudi,Technique Leader,d005
468659,Ranga,Lemarechal,Engineer,d005
469253,Baruch,Basawa,Engineer,d005
469399,Hongzhu,Ruemmler,Engineer,d005
469735,Arif,Stranks,Senior Engineer,d005
470472,Zhiguo,Staudhammer,Engineer,d005
471397,Nigel,Zirintsis,Engineer,d005
471532,Feiyu,Decleir,Technique Leader,d005
472052,Godehard,Chinal,Assistant Engineer,d005
472790,Zhenbing,Ibel,Senior Engineer,d005
474763,Mayuko,Clouatre,Engineer,d005
475938,Shigeaki,Lanteri,Engineer,d005
475965,Rimon,Pietracaprina,Engineer,d005
476361,Doohun,Preusig,Technique Leader,d005
477578,Marit,Paludetto,Engineer,d005
477969,Bluma,Mundy,Engineer,d005
478170,Doowon,Schoegge,Assistant Engineer,d005
478218,Djenana,Erol,Engineer,d005
478439,Yuichiro,Bale,Technique Leader,d005
480035,Sukumar,Georg,Senior Staff,d005
480268,Gaurav,Cheshire,Technique Leader,d005
480407,Deniz,Bennis,Engineer,d005
481790,Haldun,Erie,Senior Engineer,d005
482335,Kwangyoen,Peck,Engineer,d005
484756,Phule,Ruemmler,Engineer,d005
485489,Keiichiro,Armand,Assistant Engineer,d005
485577,Rafael,Menhoudj,Senior Engineer,d005
485579,Munehiro,Iwayama,Engineer,d005
485817,Mahmut,Bolotov,Engineer,d005
486958,Tonny,Kropf,Engineer,d005
488482,Kensyu,Tsunoo,Engineer,d005
488693,Jiong,Zultner,Senior Engineer,d005
489928,Satoru,Janetzko,Assistant Engineer,d005
490551,Lalit,Lindqvist,Engineer,d005
490568,Zita,Reistad,Senior Engineer,d005
491079,Kwangsub,Keirsey,Senior Engineer,d005
491162,Panayotis,Hempstead,Senior Engineer,d005
492217,Heekeun,Verhaegen,Senior Engineer,d005
492639,Sanjoy,Porenta,Engineer,d005
493096,Sachem,Msuda,Engineer,d005
497174,Sanjiv,Bressoud,Engineer,d005
498185,Caolyn,Marciano,Senior Engineer,d005
498845,Arumugam,Pelc,Senior Engineer,d005
499495,Baoqiu,Kakkar,Engineer,d005
228554,Bilhanan,Brendel,Senior Staff,d007
472143,Yahiko,Sommen,Senior Staff,d007
295411,Chiranjit,Serot,Staff,d007
41609,Yucai,Simmen,Senior Staff,d007
296428,Charmane,Simmen,Senior Staff,d007
297232,Lokesh,Saoudi,Senior Staff,d007
225438,Remmert,Quaggetto,Senior Staff,d007
299737,Patricio,Itzfeldt,Senior Staff,d007
473268,Hugo,Sgarro,Senior Staff,d007
473299,Khaled,Penn,Senior Staff,d007
400683,Kamakshi,Manders,Staff,d007
220611,Yuping,Babb,Senior Staff,d007
41137,Bikash,Buchter,Senior Staff,d007
220418,Poorav,Laventhal,Staff,d007
40269,Toshiki,Ghazalie,Senior Staff,d007
217272,Yuchang,Eldridge,Senior Staff,d007
217026,Otmar,Engberts,Senior Staff,d007
405015,Morris,Fargier,Senior Staff,d007
216921,Lena,Lenart,Senior Staff,d007
39952,Otmar,Sudbeck,Staff,d007
21909,Mohammed,Brizzi,Senior Staff,d007
406847,Alexius,Crouzet,Staff,d007
214215,Xiaoqiang,Cardazo,Senior Staff,d007
213140,Tru,Danecki,Staff,d007
408417,Tsz,Daescu,Staff,d007
408447,Mayuri,Werthner,Senior Staff,d007
208639,Larisa,Lukaszewicz,Senior Staff,d007
208330,Shen,Flanders,Senior Staff,d007
477350,Terresa,Vigier,Staff,d007
206748,Yucai,Fabrizio,Staff,d007
10291,Dipayan,Seghrouchni,Senior Staff,d007
413205,Mototsugu,Prampolini,Senior Staff,d007
21546,Yongmin,Lanteri,Senior Staff,d007
205699,Youjian,Yetto,Senior Staff,d007
493048,Muzhong,Berztiss,Senior Staff,d007
414897,Juyoung,Willoner,Senior Staff,d007
204470,Hein,Lichtner,Senior Staff,d007
415363,Conal,Shackell,Senior Staff,d007
38168,Fumiko,Deverell,Senior Staff,d007
416420,Adamantios,Heemskerk,Senior Staff,d007
204117,Jessie,Nooteboom,Staff,d007
203720,Sasan,Thimonier,Senior Staff,d007
203474,Hugh,Jonsson,Senior Staff,d007
417435,Bouchung,Zaumen,Senior Staff,d007
418247,Oscar,Oppitz,Senior Staff,d007
109953,Godehard,Chorvat,Senior Staff,d007
109620,Mani,Cannata,Senior Staff,d007
108988,Oksana,Baek,Senior Staff,d007
418717,Arunachalam,Magliocco,Senior Staff,d007
419099,Heon,Broomell,Staff,d007
420557,Mabhin,Eastman,Senior Staff,d007
107828,Ramya,Walston,Senior Staff,d007
420759,Raimond,Solovay,Staff,d007
420765,Shawna,Krider,Senior Staff,d007
421022,Shigeaki,Butner,Senior Staff,d007
421033,Garnik,Randt,Senior Staff,d007
421074,Zhaofang,Falster,Senior Staff,d007
105520,Haldun,Lienhardt,Senior Staff,d007
423038,Takushi,Strehl,Senior Staff,d007
423204,Uma,Stranks,Senior Staff,d007
36626,Fen,Genin,Senior Staff,d007
104133,Pranjal,Zyda,Senior Staff,d007
423327,Constantijn,Lichtman,Senior Staff,d007
423350,Heping,Monarch,Senior Staff,d007
424797,Theron,Itschner,Senior Staff,d007
424805,Jacqueline,Zallocco,Senior Staff,d007
101902,Mantis,Millington,Senior Staff,d007
101647,Mori,Homond,Senior Staff,d007
101487,Abdelaziz,Sury,Senior Staff,d007
425780,Paris,Range,Senior Staff,d007
425875,Jahangir,Kroft,Senior Staff,d007
426153,Shahaf,Luce,Senior Staff,d007
99590,Dhritiman,Anily,Staff,d007
426824,Gopalakrishnan,Mawatari,Senior Staff,d007
481213,Shigehiro,Haldar,Senior Staff,d007
95314,Rasiah,Koblick,Senior Staff,d007
94416,Aran,Cesareni,Senior Staff,d007
93549,Arie,Coullard,Senior Staff,d007
92841,Claude,Candan,Senior Staff,d007
92685,Mang,Atchley,Senior Staff,d007
428219,Ghassan,Androutsos,Senior Staff,d007
429231,Kazuyasu,Schmiedel,Senior Staff,d007
429238,Mona,Luck,Senior Staff,d007
429381,Limsoon,Roohalamini,Senior Staff,d007
429532,Bartek,Vendrig,Senior Staff,d007
494995,Yongmao,Pouyioutas,Senior Staff,d007
91415,Jamaludin,Nilsson,Senior Staff,d007
429954,Renny,Gladwell,Staff,d007
34780,Moni,Kohling,Staff,d007
91333,Lobel,Stafford,Staff,d007
34505,Felicidad,Kumaresan,Senior Staff,d007
482944,Duke,Journel,Senior Staff,d007
432031,Adamantios,Matzat,Senior Staff,d007
88103,Goo,Bresenham,Senior Staff,d007
483401,Rosita,Pokrovskii,Senior Staff,d007
87129,Keung,Neiman,Staff,d007
34077,Angel,Sichman,Senior Staff,d007
433059,Bojan,Montresor,Staff,d007
433157,Tomofumi,Serna,Staff,d007
434845,Takushi,Skogmar,Senior Staff,d007
483978,Dung,Tanemo,Senior Staff,d007
435042,Brigham,Borstler,Staff,d007
435060,Moie,Lieblein,Staff,d007
86213,Kristine,Clemencon,Senior Staff,d007
435305,Berthier,Pramanik,Senior Staff,d007
435370,Conal,Basart,Senior Staff,d007
435602,Dietrich,Kranzdorf,Senior Staff,d007
435774,Olivera,Bharadwaj,Senior Staff,d007
32714,Radoslaw,Maliniak,Staff,d007
85445,Yongdong,Pollock,Staff,d007
437369,Kazuhide,Biran,Senior Staff,d007
437395,Sumant,Thambidurai,Senior Staff,d007
84236,Eberhardt,Barriga,Senior Staff,d007
438038,Lena,Giaccio,Senior Staff,d007
30938,Yakkov,Samarati,Senior Staff,d007
440325,Douadi,Sullins,Senior Staff,d007
440642,Snehasis,Kalsbeek,Senior Staff,d007
83544,Leaf,Baak,Senior Staff,d007
441197,Miquel,Legleitner,Senior Staff,d007
81644,Divine,Ghandeharizadeh,Staff,d007
442002,Ravishankar,Baig,Senior Staff,d007
80731,Shaowen,Eldridge,Senior Staff,d007
80203,Shakhar,Baik,Staff,d007
79895,Fei,Murtagh,Senior Staff,d007
443841,Shaw,Kading,Senior Staff,d007
443873,Vatsa,Ramsay,Senior Staff,d007
444099,Kousuke,Worfolk,Senior Staff,d007
444208,Irena,Cesareni,Senior Staff,d007
78106,Ashish,Ratnaker,Senior Staff,d007
17447,Zengping,Boreale,Staff,d007
16461,Remmert,Schahn,Senior Staff,d007
74668,Masako,Bonifati,Senior Staff,d007
446121,Fay,Cochrane,Staff,d007
30484,Sailaja,Chvatal,Staff,d007
72918,Takahira,Szilard,Senior Staff,d007
447232,Aleksander,Schaaf,Senior Staff,d007
447544,Stabislas,Kakkad,Senior Staff,d007
447931,Martijn,Jeong,Senior Staff,d007
71188,Pranjal,Schapiro,Senior Staff,d007
71066,Domenick,Basart,Senior Staff,d007
448900,Mart,Talmor,Staff,d007
69867,Miyeon,Rothe,Senior Staff,d007
69219,Shuky,Redmiles,Senior Staff,d007
449189,Jahangir,Bernatsky,Senior Staff,d007
486918,Yagil,Remmers,Senior Staff,d007
69052,Shietung,Shrader,Senior Staff,d007
450888,Sedat,Rande,Senior Staff,d007
65998,Mandell,Alameldin,Senior Staff,d007
451253,Jaihie,Ozeri,Senior Staff,d007
487008,Zhigen,Raney,Senior Staff,d007
65883,Patricia,Pepe,Senior Staff,d007
452206,Arra,Esposito,Staff,d007
452347,Shigeichiro,Brattka,Senior Staff,d007
64828,Krister,Pappas,Staff,d007
452957,Alair,Nanard,Staff,d007
64632,Zsolt,Brender,Senior Staff,d007
63566,Heekeun,Slaats,Senior Staff,d007
488142,Denis,Narlikar,Senior Staff,d007
60959,Tetsushi,Sridhar,Senior Staff,d007
455726,Qiwen,Kriebel,Senior Staff,d007
60238,Erzsebet,Claffy,Staff,d007
14907,Nakhoon,Luga,Senior Staff,d007
456767,Tetsurou,Schreiter,Senior Staff,d007
457305,Sorina,Lakshmanan,Staff,d007
27686,Manu,Rosiles,Senior Staff,d007
58819,Gennady,Liesche,Senior Staff,d007
58497,Yechiam,Cairo,Senior Staff,d007
488707,Mihalis,Remmers,Senior Staff,d007
56428,Olivera,Hanabata,Senior Staff,d007
55857,Adin,Scallan,Senior Staff,d007
54800,Breannda,Cangellaris,Staff,d007
459429,Mohit,Verhaegen,Senior Staff,d007
259611,Shuichi,Marrakchi,Senior Staff,d007
259042,Xiaoqiang,Farrow,Staff,d007
460131,Adly,Hambrick,Staff,d007
258470,Weiwu,Butner,Staff,d007
488984,Kendra,Junet,Senior Staff,d007
258124,Mariusz,Zolotykh,Senior Staff,d007
460920,Remzi,Mitzlaff,Senior Staff,d007
254821,Tonny,Couchot,Staff,d007
261990,Volkmar,Czaja,Senior Staff,d007
253707,Insup,Hainaut,Staff,d007
262208,Mrinalini,Holburn,Senior Staff,d007
461270,Mrinalini,Mawatari,Staff,d007
262328,Mayuko,Vural,Staff,d007
461801,Sumali,Cooman,Senior Staff,d007
251645,Bezalel,Tsunoo,Senior Staff,d007
251301,Pintsang,Impagliazzo,Senior Staff,d007
263370,Shakhar,Ranze,Staff,d007
263649,Mechthild,Zongker,Senior Staff,d007
263926,Fusako,Schwartzbauer,Senior Staff,d007
250411,Ranga,Sommen,Senior Staff,d007
264322,Leandro,Swist,Senior Staff,d007
249866,Steen,Gubsky,Senior Staff,d007
53278,Premsyl,Lortz,Senior Staff,d007
249325,Ute,Pokrovskii,Staff,d007
265558,Susuma,Kleiser,Senior Staff,d007
265794,Miquel,Halloran,Senior Staff,d007
248758,Snehasis,Muhlberg,Senior Staff,d007
266249,Sumant,Nishimukai,Senior Staff,d007
248256,Sajjan,Falby,Staff,d007
247089,Seongbae,Schahn,Senior Staff,d007
246798,Tianruo,Strooper,Senior Staff,d007
267304,Jordanka,Axelband,Senior Staff,d007
267667,Irena,Kaiserswerth,Senior Staff,d007
246764,Shuzo,Czaja,Staff,d007
245664,Manohar,Kilgore,Staff,d007
270716,Shunichi,Baer,Staff,d007
244873,Arunachalam,Oppitz,Senior Staff,d007
243576,Abdulah,Lodder,Senior Staff,d007
242500,Bingning,Iisaku,Senior Staff,d007
464284,Huiqun,Henders,Senior Staff,d007
273858,Gunilla,Matzen,Senior Staff,d007
274271,Prodip,Ritcey,Senior Staff,d007
274813,Yefim,Pettey,Senior Staff,d007
52770,Shugo,Yurek,Senior Staff,d007
52639,Arup,Colorni,Senior Staff,d007
275495,Shen,Yamaashi,Staff,d007
275801,Ayakannu,Heinisuo,Senior Staff,d007
276184,Mari,Swick,Senior Staff,d007
239748,Bilhanan,Dusink,Senior Staff,d007
277316,Vitali,Rothenberg,Senior Staff,d007
239244,Abdulla,Kitai,Senior Staff,d007
24553,Anwar,Passafiume,Senior Staff,d007
239067,Tadahiko,Pocchiola,Staff,d007
238949,Minghong,Cronin,Senior Staff,d007
278549,Jaana,Werthner,Senior Staff,d007
52386,Adas,Denti,Senior Staff,d007
238422,Vishv,Angelov,Senior Staff,d007
466064,Temple,Danlos,Senior Staff,d007
238252,Uno,Suppi,Staff,d007
280420,Jahangir,Hofting,Senior Staff,d007
280525,Kish,Herbst,Staff,d007
24394,Zhonghui,Conta,Staff,d007
236964,Adel,Foote,Staff,d007
282343,Xinglin,Haldar,Senior Staff,d007
51036,Chriss,Fasbender,Staff,d007
236883,Huan,Olivero,Staff,d007
284431,Pintsang,Fujisawa,Senior Staff,d007
14158,Caolyn,Setiz,Senior Staff,d007
49464,Siddarth,Cappelletti,Staff,d007
49010,Kazuhisa,Benantar,Senior Staff,d007
48947,Filipp,Akaboshi,Senior Staff,d007
285164,Xiaocheng,Kumaresan,Staff,d007
48275,Sariel,Massonet,Senior Staff,d007
47702,Juyoung,Vieri,Senior Staff,d007
286026,Utpal,Zaumen,Senior Staff,d007
287323,Steve,Dengi,Staff,d007
235096,Sverrir,Gyimothy,Senior Staff,d007
235017,Irena,Dratva,Senior Staff,d007
234195,Luerbio,Terkki,Senior Staff,d007
233785,Baziley,Ballarin,Senior Staff,d007
46834,Tooru,Daescu,Senior Staff,d007
288142,Shay,Heystek,Senior Staff,d007
233397,Fay,Sundgren,Senior Staff,d007
288606,Susumu,Swiss,Senior Staff,d007
498337,Naraig,Docker,Staff,d007
46328,Wuxu,Trogemann,Senior Staff,d007
289909,Hilari,Vecchio,Senior Staff,d007
290441,Gregory,Collavizza,Senior Staff,d007
231069,Trygve,Siksek,Staff,d007
10095,Hilari,Morton,Senior Staff,d007
470456,Reuven,Oehlmann,Senior Staff,d007
230865,Takushi,Brattka,Staff,d007
230689,Dietrich,Crabtree,Senior Staff,d007
293154,Syozo,Maliniak,Senior Staff,d007
498635,Florian,Pezzoli,Senior Staff,d007
491478,Gill,Varman,Senior Staff,d007
293752,Jungsoon,Bail,Senior Staff,d007
294144,Takanari,Ermel,Senior Staff,d007
229547,Moni,Schach,Senior Staff,d007
22415,Perla,Jumpertz,Senior Staff,d007
